lightness;width;species
9.710457126267801;8.673698696541777;0
6.528088755589785;7.330887004627265;0
1.770694760932961;7.599677299365337;0
4.819293071471765;7.328197572780942;0
6.769637942078601;8.57562901658315;0
3.623249569482399;7.221906484579186;0
6.591439138072309;6.936438797115335;0
2.924505627588969;8.552978301286998;0
5.19639852515512;7.576571162163513;0
8.047453271810959;8.361587164848055;0
5.748465476446787;7.648110758053894;0
7.478014361555767;8.269540707973063;0
5.131060388411263;5.435550643878914;0
3.639384613808676;8.465864128078826;0
6.02711316578923;9.853560942493848;0
5.107380659680173;9.039289339847212;0
9.260234142579472;8.910896579458498;0
3.360798225387634;7.760268713398672;0
5.197976659007872;8.180998079792442;0
2.076536831179544;8.244249546813347;0
8.253996142997151;8.096392884539718;0
6.320875390576823;7.169531502380739;0
7.834209101648115;7.647747814337737;0
4.493538551348776;7.825224960455901;0
5.900846607978419;7.519346580518987;0
7.60273118784716;8.836836711417678;0
4.413365364059388;10.53834934138902;0
6.138432324486907;6.676665748519599;0
2.188626963126071;8.128340263343308;0
4.41372860542789;6.557620846638862;0
4.760908037445601;9.302508209607137;0
3.59994960033548;9.409911500019025;0
1.845967780989735;6.33745702964192;0
5.5751675437779;9.943684478392143;0
5.480404293888919;6.915301547762384;0
6.244889947622934;8.22681897502142;0
6.937038180071155;9.098929202484742;0
3.250940094442204;8.147188752472257;0
5.524570687613091;10.29566581301284;0
5.290032770406404;10.75255787759549;0
7.395100209065061;8.138317724815552;0
6.849478613898358;6.09293379162688;0
3.432306777851239;7.635007006626522;0
1.369863254244087;7.151889988425179;0
3.37630357711058;7.235246635478862;0
6.977860234640878;6.872305185463068;0
4.985234773079738;8.078188895083345;0
4.592562302233208;10.10662965570578;0
3.606513863531498;7.284152606866177;0
3.749951597234446;7.719484338258519;0
5.926407850175219;9.166475004516016;0
6.516259695631431;9.212821418764259;0
6.012799703420233;8.485540987057965;0
5.360035165995661;9.026016486195985;0
7.338040363244074;8.87072602108368;0
4.639204772879504;7.618242121491095;0
4.967429221289481;8.428893027102996;0
3.040958188442533;7.700869479977093;0
5.401217489748789;7.100131480000468;0
4.70504790676985;8.63474546125707;0
2.960246875573435;8.067453590828565;0
6.110496538059237;7.812879455158612;0
5.539991717112748;8.291727455002395;0
9.122960931381488;8.987694691911685;0
6.03345504039777;8.392934569877555;0
6.03564087608926;8.19455137402605;0
4.647189777087616;8.279784956482345;0
2.815161454864529;8.05122031184445;0
2.627365675951023;7.225533756060584;0
5.67673495170958;8.786781710402895;0
8.067516280950031;9.408906950993495;0
5.755595536018289;7.465901416208128;0
6.906459928981491;9.927758429811691;0
4.019713047556654;7.823752452742386;0
5.627124184555461;7.75624963751354;0
4.472390157115465;7.102399341290041;0
3.415635333923529;7.20766313489295;0
6.488190695141719;7.047025309046622;0
4.438887934054537;8.353905454236425;0
1.433875614706385;9.597026323911157;0
8.869538415342697;8.527470251141924;0
4.402484273669193;8.854202301151847;0
5.765962491884996;9.341846522045953;0
4.091225022877175;5.500466558070293;0
5.312918395119767;7.832440677830296;0
4.477471943502808;8.353015314527152;0
4.87710409096363;8.717253725490156;0
4.130209529989771;6.695148361268388;0
2.792668685123156;6.994131048255923;0
4.082435643447015;8.790683469747323;0
5.588345682676263;7.883428671341145;0
4.610446881378116;8.553089887878288;0
8.195344955698925;7.039355195280851;0
11.19088422172472;6.366197604207214;0
3.488408500085286;8.761200281866834;0
3.255286486243198;9.19330715170307;0
2.894018670991396;9.632057215920879;0
3.048800778234685;6.467810397034244;0
4.775783708636781;6.663147595279769;0
5.690845184240986;6.526153501991475;0
5.309757256529094;7.95833692570355;0
2.386315344678226;7.384492664871587;0
8.051423380624193;9.314154808775845;0
6.917265827657847;6.54493341751776;0
3.027655704959187;6.257650779402387;0
4.525621525244365;8.205304683292191;0
4.028421931475028;9.192930398525721;0
4.877672194567551;7.197176901694062;0
3.72016521053333;6.73436357776203;0
3.569353097224818;7.850668646816439;0
5.362827918982966;6.363553321746106;0
4.394811228512137;8.017344346043659;0
4.995651784610851;8.828387265991093;0
4.296959147715937;8.217738348381477;0
4.710260512162074;6.090755098737275;0
5.428142772543069;7.463178178712502;0
3.691715668036487;7.697967701553634;0
7.771162879777244;9.813582130904333;0
6.210255715702143;8.914851752841074;0
1.510788867077123;7.942919284085523;0
3.674593302009783;9.309362077829419;0
6.287850616287893;6.955264151590372;0
6.871465913700403;7.651733189664735;0
2.147054678143456;9.412561160729293;0
8.532724711156028;9.502382928582795;0
4.920497105398153;8.730375994537287;0
1.994749295743305;8.49075227190337;0
4.150074322154904;7.413873860423598;0
3.701422612441417;8.744899650424278;0
8.140907192313747;7.171845030194344;0
1.617903557846086;8.574520731649429;0
3.385813912163295;8.281841382645261;0
5.773696785620052;9.139306269030506;0
6.485849946828598;7.57413215442829;0
1.750368501219018;8.636139891402967;0
7.736049429290903;8.793178081389573;0
2.182321054419014;7.101622885899253;0
3.235667450214428;8.15624484427755;0
4.306881381543507;9.597253911277571;0
6.685678856929185;8.11243971059374;0
6.101460549625836;7.691375065452972;0
5.010177128075081;8.456659609115151;0
6.754641289105978;7.724899169432331;0
3.912918040848782;8.443143608783787;0
8.144432041878931;7.86523487327715;0
5.1838919414209;7.981671770261314;0
1.316883894158861;8.460789425007212;0
3.191865737531066;9.362315464342302;0
3.028703502659127;8.451874567380708;0
2.740342852515501;9.648383657046169;0
6.321571870229555;5.971638039147235;0
2.584368888922504;7.55074318855509;0
4.999603049729812;8.235993201711949;0
4.756919103517399;7.164827036216719;0
3.45275975976387;6.724044836591782;0
5.217579959819622;8.617035081280587;0
3.594671335583205;8.612701503707273;0
8.695940028283802;8.289381155294882;0
1.979940535922124;8.395316122368463;0
5.530209434594329;7.12943715794299;0
4.000574061883708;7.502311621795775;0
4.580992826426761;7.893328182943847;0
1.539241188854531;7.312170864572141;0
6.683289677895175;8.331880876981423;0
5.432179516176483;10.36522474259891;0
7.191191071421979;7.517769281530242;0
6.242209530085713;8.647448206700766;0
3.409020411763971;6.965575282765834;0
2.556324864210682;9.339554597904117;0
3.978327588177966;7.03085964417117;0
6.039075559463998;8.208715601272198;0
2.790126647646385;7.381406644639453;0
4.51022758235719;8.512015643736454;0
1.62853755302706;8.01135417110082;0
3.031173866455842;7.9560113737333;0
5.946899427849909;10.94909254131559;0
6.632932248481196;7.369953806472652;0
7.78184134901816;7.953120600461807;0
5.839781710487256;10.68302551077173;0
5.722506238225944;6.853309313820956;0
3.04342578422529;8.552998745466265;0
1.042349600541847;6.923541590907501;0
6.989035558918943;9.030639584086792;0
6.076052432886205;8.327529812476209;0
5.89104118947116;8.652124811269932;0
6.308442798934656;7.721138883612178;0
4.124026353381113;8.245191593724021;0
7.245302474101312;9.472513478821577;0
6.919720926462984;5.724898457652598;0
4.422810120878085;6.366709275078758;0
3.76811418137313;8.415468936978757;0
4.898766562500303;7.345231148141986;0
6.338368948742367;7.703651684593401;0
7.29975021609936;6.503081123552445;0
6.978903373945826;7.095165552672298;0
1.214225089845808;7.595818454968798;0
5.589193755852418;7.274201833951041;0
1.137746985294182;7.133514974640389;0
1.80244140302312;7.578153219558028;0
3.307364990617357;7.057333675719384;0
5.088404025872847;9.341883717257947;0
4.884630426779982;7.011565287705135;0
4.754763235148644;9.817942687643473;0
7.074302521261348;7.625563393492038;0
5.234482403202079;6.548259280082618;0
6.763343431074553;7.381318192432535;0
4.847718804485813;8.934500962295568;0
3.17114490439521;9.055929256492714;0
2.627371990597467;8.160227276748646;0
7.399509410030605;8.287400320243155;0
4.16807663260573;8.632905577041241;0
5.967886771379412;6.540958130916388;0
4.986975026769195;7.418290274532823;0
3.952469700098805;6.169850677896554;0
5.921033581889276;7.550896920150578;0
3.315177305039527;8.949274703601311;0
6.840586426333082;8.717441409444788;0
7.556830682811137;10.28782860567075;0
8.640743403909781;8.1667276633497;0
6.351810256102589;5.843509248300261;0
6.870969193935685;9.689399307426665;0
6.576522419236204;9.282280747092566;0
2.983611183957851;7.417369035652748;0
4.769339494680062;8.222614480633599;0
5.838287107417322;8.7794514728624;0
2.714055805383449;8.384707157585716;0
4.553045682868106;8.696366922883312;0
2.167177948258975;7.887284440826206;0
4.475401289621564;7.961176299071949;0
5.456057361850814;8.088088629112915;0
5.672239243999482;7.210344026783652;0
6.366901759586177;9.422960618799131;0
6.961449508025607;8.006331684129616;0
4.568937100416525;8.686480847833936;0
6.922442519280885;7.145066366351626;0
7.069919010188093;6.924764682521918;0
4.686180246902759;7.909032748806369;0
5.221550122812014;7.747228167061012;0
6.818845403553782;9.194823818634131;0
4.867871213202505;8.606063709364257;0
3.546485127249316;8.540514429162091;0
3.98323737007824;6.555060580785103;0
3.713086526607289;7.03230619229274;0
2.831808367059182;8.202051338217512;0
7.465803053414428;7.652122026914896;0
1.829973774286346;9.290087990155373;0
4.815684488932056;9.341153818879921;0
5.259251095254971;7.419202310599557;0
5.412585340193596;8.875135601991687;0
4.573038482081916;9.395449886932772;0
1.946032419241718;8.320985221953096;0
3.911561960306118;9.623382458419833;0
2.94437551088218;9.062433309108719;0
6.375112624615482;8.214105238034589;0
4.21344151510112;8.876803201965984;0
5.951316687475422;8.194407011291077;0
4.873093591339712;7.585107840232324;0
3.881905001478838;8.358458734395178;0
3.529205914501596;8.036222668044122;0
2.226760220123162;7.635368831910883;0
3.401652680184566;9.771019567018271;0
3.777561191326466;8.221273067715513;0
4.779553029516417;10.73037758486803;0
5.828517402358537;7.703834616652839;0
5.460190545025866;8.564295551934993;0
6.71406199261818;9.582620663047223;0
5.096417464510758;10.72923012321038;0
7.046696901836016;8.303564280841044;0
4.636014252746283;7.209741521402118;0
4.419743231355596;8.803380232506624;0
6.630407822742193;6.680097297641312;0
5.644664663216735;7.726154240373442;0
5.276749350859036;8.271866921602584;0
4.097975009110508;9.489553507786084;0
4.693918801587656;9.437141524789823;0
3.241995744639484;7.972438603439502;0
4.614586120732316;8.923931315126527;0
5.389771139009142;7.678719580034207;0
8.189756169767579;8.661124886150418;0
4.116113422557439;9.915293938539165;0
4.156058341027156;8.156759609817161;0
5.451618295648222;7.69946354205598;0
5.292810984916656;7.499965222530155;0
5.019380337666429;8.716471380571448;0
5.215197430652641;9.337288727042258;0
1.900937022807716;10.12567994685694;0
7.628059789975904;8.054045784437603;0
6.236080509268049;8.163035918032165;0
4.161470193385926;7.367293259530007;0
3.690762118586245;9.611991492715337;0
3.619706554213008;7.924551275812914;0
1.641462670456248;7.526762856668638;0
4.503662110582831;10.18424078685721;0
7.386709834989578;8.809881106272956;0
1.872854083563476;8.716342804277268;0
1.50962160197408;6.994428865536387;0
4.951810540175985;8.43398661323223;0
2.303621072560635;8.52014359262493;0
4.425588736771762;6.907755482658359;0
3.4974699244143;7.774205548197456;0
5.86345029367229;7.595078223450813;0
4.137522009817612;8.527859215419955;0
5.24370976651818;6.993037135884819;0
5.841134025086207;9.08902677060434;0
5.809700949179936;9.784874711621386;0
5.967459945886169;7.696245479880389;0
4.413347981699254;7.991303368506262;0
1.061044554988431;8.506635026535164;0
5.504418286467107;9.203251988685244;0
3.141654768328641;8.522017729698728;0
6.063691027617301;8.397046092297073;0
2.34737639688397;7.517189159680949;0
7.04804965790496;7.768502805513883;0
3.197470864733426;8.613385212333466;0
3.688367413227913;9.682850536332053;0
5.796342835970733;8.568393573839513;0
9.690623121617538;6.793970745751097;0
3.109410686764612;8.43306038896324;0
8.579005461237143;7.907879251500249;0
5.980872430825281;7.755945062034599;0
3.214127106192318;7.780811336953359;0
6.528412083584765;7.120233283611363;0
5.44363380975595;7.679195674910917;0
4.060123359209924;7.215584706244368;0
4.125788715251415;7.635037472060931;0
1.8972058806477;8.117270572393547;0
4.678414736583797;8.174339688771479;0
6.061500226842021;7.784343586956825;0
5.529048002626883;7.847388520375381;0
4.336127586891235;8.033688219863535;0
7.130148221034565;8.458282205499794;0
4.207196014929682;9.281631220880801;0
6.231693292503332;8.620090051558263;0
2.684466726760905;7.713326137539534;0
4.613922526939615;8.59801571425122;0
5.572592943203038;7.754467324646891;0
6.442438136020106;6.219262824872954;0
5.077380985631086;5.652760771055031;0
5.686289553524785;6.286404701177624;0
7.512196017040418;7.762872739032896;0
7.488372120463572;7.380374185168079;0
3.873754019485613;7.279839620342709;0
5.469235104609439;8.040657173632182;0
8.094682180213306;7.341018571416436;0
5.333962931525503;7.369484967171521;0
5.063001119732156;8.609625091181259;0
7.837680494353756;8.782334970498853;0
6.784072382881131;10.4365843580758;0
3.685869935436756;8.302407416537708;0
5.007596001026232;8.058319853888637;0
2.751854362597642;7.425866037606289;0
4.502608081650778;7.804787598948893;0
6.797340243441671;7.949468722474441;0
2.423811252237157;6.244224959271412;0
7.043227267933951;7.742642376418044;0
4.231500644253916;8.749541885371126;0
3.605147508542024;7.429235691000248;0
3.531162149613829;8.494233375953117;0
1.740521788658481;8.991440438825251;0
4.81149656593691;9.077140113434178;0
2.695908621419896;8.776841798206995;0
1.641662380601483;5.740159648469006;0
4.990021116629444;7.435623308869574;0
3.825005667058387;8.901491435092922;0
4.201462122485321;8.394675531568293;0
5.248418462775078;8.004854423718912;0
5.328756442873188;8.436918628028167;0
4.299828186971513;9.13007271999667;0
4.429427652501676;8.153770741090755;0
4.204347105407304;7.241372843256666;0
4.487240500757271;7.819836902876722;0
3.129051841175283;7.79221041389202;0
2.385061509247691;8.896745287933841;0
2.749422421939193;8.412307702040531;0
6.055725421806393;8.547519687229462;0
5.010884609604576;8.147835043548961;0
6.799727238722573;7.637732844636449;0
7.359972244460886;8.061141295020601;0
3.472591151775674;8.216705550520381;0
2.88665161476971;6.601877586882247;0
1.278724661522968;8.17887037298626;0
4.577779461937149;8.927584218205604;0
6.382596194595784;7.88982206429094;0
7.996409299481216;9.572397878773003;0
5.152145796368337;8.560490613996137;0
4.070418125698231;7.579655394372513;0
5.440586983539704;7.846054610334202;0
3.356422874434059;7.72480140657844;0
5.181191249991599;8.241120454779082;0
4.83830307064277;8.754686393744638;0
2.523078952839674;7.708090100215078;0
4.327145110940775;8.458445379977201;0
5.925083582484487;9.755288631744442;0
7.849333833004822;8.931490591541563;0
6.100564595996894;8.825264441429846;0
8.885036135945413;7.185192866052729;0
3.612757206864992;7.465795821015314;0
5.370176616367313;8.242551659062315;0
4.666258416998601;7.899352050927941;0
5.295031845866792;6.374951550521774;0
2.847389134995196;6.48557684769788;0
4.793180098583468;9.026189392552194;0
4.369282368885615;7.24187252404109;0
4.25347587193292;10.07834478911285;0
4.271496131708129;5.778013394789703;0
4.483453366215628;8.448763638516242;0
5.01768249970397;8.000626115407105;0
7.591773842766777;7.243760690885323;0
4.241851672304115;8.40432482613468;0
4.989329030601119;7.206147124718225;0
1.70611717818106;8.859783195732961;0
5.37214333545894;8.066869210617028;0
5.161503044920728;6.360612606302141;0
3.705992085550068;5.575250086627793;0
5.740393695682981;7.716170073697196;0
4.426662606135961;9.145806298968644;0
4.457069376844938;8.181169289545897;0
2.741469644203446;8.054250228544618;0
6.754595290056352;8.687753654274765;0
3.155436328151289;6.606592698015465;0
5.215599954840218;9.425365736187011;0
5.237851768965204;7.106148842141133;0
6.436878148999426;8.03776469995419;0
6.478160491926367;7.636430711810843;0
2.289482247047791;8.149556482460561;0
7.58104281637071;6.055481893837613;0
6.146839247500983;9.52389489453652;0
3.100890591548326;8.545810168063468;0
3.020621822666225;10.0099274945217;0
4.181025032552018;9.416670660858067;0
3.928328700595195;8.01148066555454;0
6.931002676612141;7.060950678919466;0
7.037286357776416;6.261091611985542;0
5.422593092380653;8.016970971569062;0
7.052722513717689;8.219159093583546;0
5.219648705457192;9.045820610136078;0
7.653223102802952;7.049017346030089;0
7.437246072079256;8.794797422861683;0
2.462492629875788;8.071429809887407;0
6.672581146442643;7.226313097727611;0
5.735933945974424;8.774161843596113;0
4.560475039017279;8.265654717978835;0
6.681775488053459;7.764894469076744;0
4.09982691681925;9.877292224959202;0
3.868307611504658;8.609239402441208;0
6.132931941052369;7.889726120996841;0
4.788111727134721;8.277457471578041;0
5.191171505327466;8.087045914472355;0
7.294537003906931;8.173593051437427;0
4.008906272240688;8.453591153371088;0
5.483418225614014;7.396481969011706;0
6.535363097939575;7.202976072004156;0
2.669465186940265;8.360648897493697;0
5.205781154659306;9.885091677341496;0
4.66074269398176;7.6931781693472;0
5.914547413357946;6.987276039063613;0
5.524115430701604;7.761454492018939;0
5.058253425023074;7.515985188718643;0
3.357225512980745;7.672655478311694;0
6.846747752754536;8.475517983984108;0
7.985761674223378;7.869995108857645;0
5.984682244636121;7.405646718342323;0
6.690535592437589;7.556233089894979;0
5.096470206165534;6.677470352257179;0
4.211145628110671;7.140478833777956;0
5.36122647303426;6.586998827523933;0
1.894585458016461;7.484014099638084;0
8.318515238372413;6.914901903278281;0
6.861038090428849;7.292841409239083;0
1.334440381092046;7.69834545424519;0
2.374408419724455;6.79955949619956;0
6.150759678472276;7.980637733757257;0
4.678024137617497;8.340370564189367;0
4.939114853150468;7.03676901780096;0
1.795728752586973;9.113922585980571;0
5.250996139377384;6.413894573975897;0
5.361089850949809;7.608205340974573;0
6.270218338847083;6.51531377701991;0
2.054607017404942;7.655372831828122;0
7.040564096806502;6.67608409427004;0
2.87678794775748;7.425165049164999;0
5.121082618210881;7.259293272390747;0
8.026647196242395;6.814998125511414;0
7.659017765442545;5.935139963519303;0
5.776418644185525;8.565059812252812;0
7.123845855949106;10.00014236659301;0
2.694895786645528;10.22332772023387;0
6.648134342107435;7.507822414116479;0
6.827280422730039;7.953997065504602;0
2.941674657195628;7.534252994164949;0
5.27802056818794;8.075947432125663;0
10.71671281255755;7.081230355840376;0
6.923575681277002;6.080533470176755;0
7.489770415470645;7.963556856989691;0
6.214102669317163;6.774874282564562;0
2.684342010008824;6.097565682205726;0
1.202184715739323;10.37424855083501;0
4.839618074103599;7.76665428624216;0
2.968456088489204;8.40388073929236;0
2.110928700668739;9.192468599338149;0
4.722741807654463;6.315241151458991;0
5.864041212083239;8.413148529949932;0
9.505987055394069;8.501745219289013;0
4.080838855817428;8.083064345164233;0
5.180974199380347;8.157798051973367;0
10.21626995045149;7.472057485700493;0
2.92566150760647;8.723060699828803;0
5.506208330770054;7.150058347926007;0
4.466802284476108;7.203615949166791;0
7.634967570192506;8.725337571127987;0
5.223402982020771;9.686544476981595;0
7.542873413862468;7.613605830502753;0
5.823558486159961;7.494921586347528;0
6.515832920256266;8.408073894625227;0
1.655329811310985;9.072356141861395;0
3.533029051074567;8.967982891147789;0
2.353570994498102;8.270145532752675;0
1.976870862376454;7.365593464411194;0
6.82287822008671;8.62976318032837;0
7.087752310620759;7.920766246048411;0
4.725922086340069;9.376949165612292;0
3.019209534575266;6.591787510066756;0
7.08880613115897;8.141231683307765;0
8.649317896284575;9.28971939494037;0
6.406824832026594;7.505063701340697;0
3.355695775761136;7.375175047653371;0
4.101373848553355;7.066365705969901;0
6.406419377459153;7.721275086193814;0
5.124455870986517;7.799475040607309;0
7.052873182758112;8.13674116327628;0
3.036170694233695;7.116651141384891;0
8.072331838191653;8.082537922724256;0
4.424238981098589;7.39612510194557;0
3.577400298820931;7.631271735840937;0
2.65008890546159;7.161829577426814;0
6.711545235254967;7.717524958591762;0
4.327647387851474;11.56986777687433;0
4.451623101849662;11.40753236638644;0
4.245409701271446;9.146917859825152;0
2.920535260705718;8.787257533014092;0
3.583204070114656;6.721862630809097;0
4.761622828918248;7.415406898718761;0
9.338847512311514;7.380594335766587;0
4.246738503936718;8.535301045844482;0
6.59737217682438;8.482987052893211;0
3.115944324655932;8.108475083480384;0
6.746226017554007;7.659715274332386;0
6.791996323638038;7.074151580108206;0
6.431043081321901;8.005321689794854;0
5.743204519272649;9.13914949095078;0
1.349598187187996;8.42736124754193;0
4.716807137468392;8.181032149310173;0
6.20277999291347;8.65747973870832;0
1.381420962585502;8.584245605925615;0
4.162174805970309;6.383548704520348;0
7.395093837289804;8.01877435206098;0
5.067526572595965;7.574039241703818;0
7.712618908559671;5.965972734835605;0
4.323343149502759;6.671447448163611;0
7.477348691536831;7.680114381138837;0
5.319602932684219;8.825430464554895;0
6.35651397544723;7.770707190731006;0
2.116534096773989;8.262250813294937;0
2.040942102248036;7.102020455277199;0
5.976702160659569;5.842697293940152;0
4.282581123499992;8.093916756488966;0
1.3496383778311;7.04881853514844;0
4.093867861729207;9.172589930439351;0
4.288899420338613;9.735095866369797;0
3.290460615351685;7.628303954649157;0
2.50635500204269;9.192864128683969;0
5.443530875781492;8.953648026213912;0
5.671264509077734;6.584955464999241;0
3.395019614876518;7.966643681952364;0
7.647488886248462;8.26111776353955;0
4.025182744037264;8.522994534336934;0
1.038604556242526;8.676786842763219;0
5.045806369090713;8.674395657593847;0
6.62723698495303;8.678398959398352;0
1.204949727221492;7.68742028053603;0
8.755027547424781;8.379243765636362;0
4.418663710850468;5.747101765115647;0
3.354236850423045;6.831649303356786;0
5.567410328327208;9.201965621690253;0
3.921005823236107;7.339261408853564;0
6.899473770403706;8.327559040044413;0
7.655807489319564;9.508127079145563;0
5.874769879864154;7.111091042138787;0
4.988979712372679;7.040715369496403;0
1.593342371494566;7.507280695745279;0
3.472413833206516;8.441056579174584;0
5.043627069190117;7.795235751696372;0
1.003563376462831;7.022193071274216;0
2.892130277464859;6.427053412541614;0
5.299008821906776;7.629738434481878;0
2.53618862515721;7.778854533784282;0
3.457537549152508;7.464787177863075;0
5.60252041918073;7.738027826944575;0
5.378857982437484;6.904585081340141;0
5.237144574011372;8.549233489827529;0
9.881786339232427;5.825379433703612;0
6.341192378147147;8.1446146514561;0
3.640940032391143;8.669033435302303;0
5.097057330681819;7.15117084024208;0
7.320967888782107;7.942909880807059;0
8.61744527322486;8.291786264353796;0
6.369242325703182;7.385381459867341;0
3.443926085985352;7.98635681143294;0
6.371099566689101;8.412113496148596;0
6.136665599223093;7.062850404638393;0
6.05054879626591;8.835157036407438;0
4.892642833445741;9.094538460909648;0
4.564265943003074;8.321180732968873;0
5.193898350985359;8.01511283854405;0
3.802310585112126;6.835507458783436;0
6.188757533575247;8.494840747422341;0
4.898627034683938;6.784151015175749;0
7.663316169241247;9.590787976758586;0
6.491279136055598;8.52647504859555;0
5.452671984691082;8.264818591763603;0
7.663006716476159;7.606402109420588;0
6.736617873860633;5.823689961663748;0
5.680095500579875;6.804345567974415;0
3.178804054306531;8.365328392431847;0
7.665178334346324;10.41244305717062;0
4.747341814139028;8.740247220579397;0
4.296801712839874;8.309746388607371;0
5.060285814311947;7.458012816886685;0
7.136643987861753;8.122283184138499;0
5.237149561664443;8.962279332770061;0
2.726820941913067;7.746025156676735;0
4.438302411017432;9.891755989263634;0
3.387580220736452;6.779745862772366;0
4.4563977172864;7.623762856011327;0
2.497351929296419;8.052429148777223;0
5.711543571942205;6.04606629939147;0
4.310415276120742;8.565420571160198;0
3.232285622340868;8.077794462400279;0
3.837492795907829;8.080701187626323;0
7.540881582743427;8.794707809437465;0
2.609849303491748;9.043688936478716;0
5.972092397594287;8.802184648027534;0
5.337897589398402;7.531175635164374;0
2.612755603357202;7.953407625673405;0
5.080141978974562;8.353453034782426;0
3.149312376044474;6.74319943681571;0
6.67175851849972;6.963968562120463;0
6.102555590292342;7.573037312236467;0
4.765958793217094;8.07766867943203;0
3.021588244134367;9.790930258960604;0
3.960251830934924;8.797263135406906;0
4.003733861405094;7.557499259175295;0
5.690797217259233;7.370908908485184;0
7.4924729307576;9.533796271326111;0
6.517367266614804;10.73354038131324;0
4.10978283466531;8.167439077485048;0
1.234028052173376;7.521134834397321;0
3.528221576063983;6.587346116818195;0
5.70533526996833;8.974988055068973;0
2.877752264265493;8.289718984218535;0
4.989672576985894;9.165408251092154;0
7.945239520698724;7.091294383681118;0
8.250932426515181;8.240575037229453;0
5.351635071096406;7.345953664808377;0
8.539610231416452;9.274954538306716;0
6.139652484029225;7.448809389064058;0
6.417874113043607;7.912591131718213;0
6.113119785410463;7.652179681740259;0
4.013915006329293;8.993962534155598;0
5.392035557825652;8.42843617302381;0
6.035482940657052;6.995814719838028;0
7.371055605287454;7.367312123336923;0
1.142701440022203;6.954290008775063;0
3.292018790151752;8.505707009458751;0
7.773319870371983;8.331953721396756;0
6.303852436807036;6.364587477311887;0
5.435611947495435;6.093159794683812;0
6.045171720256134;7.959601278957502;0
7.366559438685949;8.697193329646415;0
3.109427390615614;8.16880257548867;0
5.822066612019009;6.456203674268771;0
1.238108874802758;6.448197605858295;0
5.264170302440725;8.867077803619383;0
5.192332391269581;7.854627009576602;0
7.519968238553906;7.613758336182988;0
3.530524947395709;9.316204112362803;0
6.090857007905157;7.203535773406115;0
6.911614409176713;8.135441371885594;0
3.586587132677655;8.417806430208596;0
5.623255479597093;8.819879645963699;0
5.097524163110836;7.14564662087999;0
4.652352792769417;8.357318588185116;0
4.003489368261062;10.74846655587521;0
3.675394427744946;6.487023006471805;0
2.664068177365032;8.4339790327736;0
4.073375355442361;7.770232266535978;0
3.13992327858654;7.172913623700909;0
4.907688438165716;7.168017384606564;0
8.130070548477121;8.497899500583305;0
4.407460582893365;10.3156261033445;0
6.943277875087091;7.206174298347463;0
5.975942585383441;8.540959569281977;0
7.700991754251012;7.440938642888399;0
4.987044822691429;9.976566058326672;0
4.801160179736986;8.544660375289434;0
4.697425555534167;7.86209444222206;0
2.565060563948223;8.619875635750663;0
9.064993443325774;7.994417216555094;0
2.146024055654969;9.1071992454242;0
4.752023230318089;7.814409891562857;0
4.267056112927342;6.878582187488096;0
5.147283847819439;8.246449516399112;0
2.137671651795711;9.561037230185187;0
6.557109000169284;6.803378285437281;0
4.913620911570472;7.757654722007796;0
4.542065240423024;9.004828163442497;0
7.843510258802988;6.079874194872617;0
6.349363737941744;8.625445779460801;0
8.437583114119201;8.752960417782594;0
7.62894658726712;8.213483683522705;0
3.905671188354289;7.229765927131427;0
4.488295831290743;7.992865347471257;0
7.494391392223241;8.093186524777435;0
4.165735471053372;8.935251207390719;0
4.849649669335192;8.663517921831602;0
4.10206407094407;7.649767333264794;0
5.834668563863655;9.619877439354967;0
7.15052564060634;7.949166903518387;0
3.782149801014222;7.187302929233397;0
3.996279238426358;7.561580065303072;0
6.907463053300233;8.858609994635493;0
8.420403792614193;8.195215935238338;0
6.904817105236942;8.888862153882707;0
2.254276383260206;8.06922182103925;0
4.86318274058625;10.48682132029735;0
5.629028558351973;6.334356882118501;0
5.145672785155623;7.584072055147979;0
3.942113152557218;7.915775393529105;0
1.488381437746819;8.089251947507488;0
7.413882203981608;9.456147200475348;0
7.123147189996739;8.219453518638081;0
6.446567876321133;7.885122748080679;0
4.244417726761018;8.068602469483098;0
2.370988896022895;8.751494856970101;0
6.167078047936947;7.310572942076823;0
3.277459310689698;8.450813584524417;0
4.520514356726314;6.434975342143271;0
7.49938054236522;7.921204076337571;0
6.923079714097819;7.058208030938966;0
4.341765145485658;7.347138494183785;0
5.73246224239864;8.282529239916988;0
3.674374149341891;6.874920957014631;0
3.431594599573685;7.011025912856814;0
4.603798298497178;6.484141238951031;0
2.426080322308807;5.771489523126848;0
8.776683423119799;7.848478321696696;0
6.007721689090997;9.162744365606359;0
3.475272229550437;7.818063713844646;0
4.986015281702827;7.766046459669046;0
6.920946471020388;6.953265930116634;0
4.652460862478778;9.583318877787042;0
4.540290093938174;7.750586578475407;0
6.555582640886361;9.294019008355059;0
7.953067162873925;8.361980137920309;0
6.737514460287983;7.736947491296347;0
5.271584359211171;9.082144451916557;0
6.061060311406613;8.98243408019289;0
5.046439744495214;7.888556035711145;0
4.103433852691954;9.295950785489435;0
3.683077413806745;9.781295021503578;0
3.429628096861637;7.93438512426096;0
3.305942372656766;7.744319134630117;0
5.021749525209956;8.404638157039466;0
1.823190728781282;8.351756753327098;0
4.743930041167362;8.807511060208284;0
1.97355284278904;7.744409507692218;0
4.463226569563304;8.715113278785687;0
3.15946883719396;9.048597312863597;0
5.291656557292444;8.17754855501655;0
6.946296697691427;8.153297684827983;0
1.640085843332556;6.745675521683628;0
3.502712196981929;6.827199141691157;0
3.501993037909238;6.538558184922204;0
4.078596092385991;6.755712012893597;0
4.612353232079165;7.844900624665237;0
3.141937434182209;6.385086186498398;0
4.487441333610768;10.24606514978483;0
6.986523244732178;8.739281132309719;0
5.288078572541228;5.932354637366713;0
4.001879912930179;6.845449418595701;0
5.610858457518312;7.892808121872605;0
6.087801802700884;6.287120913471139;0
1.446739221585288;7.540105457873628;0
4.650303461545706;9.091000103372927;0
8.973423961680398;7.836119743243273;0
5.114714657017307;7.932759529755665;0
5.349569509557655;6.998407544015365;0
8.152581918947442;7.444338552865359;0
2.590147058739463;6.648443657478003;0
6.706118145352439;8.364211322734809;0
4.385362792743464;7.54779239502147;0
5.496027913146484;8.783365969886061;0
6.205318200203356;9.237236647879755;0
4.584571453762248;9.077198181433459;0
3.727987110807201;7.965158876396261;0
6.284034138019324;7.496012666037302;0
4.753877458243596;6.775981025191212;0
5.21738865722946;8.118509082787499;0
6.192920181384355;8.959473500735372;0
6.802596338615462;7.659069561405929;0
4.503546756425578;7.826681669015843;0
3.053488185871552;8.61630050767484;0
5.852263440482481;8.863919369587695;0
7.621162692714407;6.583085833023748;0
3.760020306066113;8.199951958615035;0
5.998877265848883;8.195826852819803;0
7.828607484382919;7.848867597061815;0
4.854362512434287;8.892784163034419;0
5.661128774082357;7.635809811916375;0
4.779436875751522;7.17381131143964;0
3.150497880789646;8.276011305268776;0
3.398239225569865;8.459797300972681;0
2.538520200265437;7.782493329614751;0
4.663765261426661;8.796122967431403;0
8.605740243590811;6.481977432114192;0
5.467423508333962;6.925082967614044;0
8.256134918092648;4.927834266027989;0
3.20397749408038;8.521407188625719;0
4.001034991224838;7.008976373524444;0
8.468605984912648;7.746874262496668;0
2.282083914165046;9.009265262358964;0
2.392456718746119;8.05101205309721;0
8.993234963577525;7.559567208989207;0
6.969125684136388;7.151530588695665;0
5.470417559018475;7.759629160746175;0
5.127316839826674;8.602929436161533;0
7.231146532181482;6.483746348973655;0
6.300137083705058;7.931651497718573;0
6.50412858974899;8.782392865209733;0
7.872371260185506;6.579274076925151;0
7.571697836690494;8.669365130823024;0
5.479208319166049;8.683236637724418;0
2.301317183479304;7.117863776773059;0
7.740634954753268;6.495491244520094;0
2.99694288344679;8.433139398845963;0
1.013505856910535;8.808255713437514;0
5.760433111062003;8.578937985821923;0
5.297972452328391;8.762849125807183;0
3.823105579647933;6.817872966054604;0
5.298350189312292;8.583847690104212;0
7.770503501653904;7.419990318116032;0
5.689752444747644;7.438632810807653;0
4.424973103154177;6.44410351814122;0
5.209393046173899;9.100208456295228;0
1.68203118925453;8.17505830190118;0
2.022137896808478;9.003611310333071;0
2.861652950109877;9.511008174278967;0
2.711422741377484;6.862760969684227;0
9.414962628776793;8.643018393161373;0
6.141868965063765;7.987239955943967;0
6.976438399589245;8.914259725009371;0
4.421401773418492;9.107694576034028;0
3.536316242908794;8.82047146146629;0
6.594132882471809;7.182388167745055;0
5.818885910165949;7.873514778894789;0
4.151655115257342;8.264142905788656;0
1.414544498665105;11.15852807293036;0
9.176856683492607;9.226617228511707;0
9.040773455758277;10.32063532135348;0
2.859286621864207;8.414497860639019;0
7.495688540080441;8.211831566780287;0
4.410541273583526;8.613166891702507;0
3.761302239549066;7.472223039183814;0
2.923338633887694;9.241601251352527;0
4.085211705441962;7.842369317187477;0
5.332614051935858;6.626398215406399;0
2.130338333968682;8.870838154717909;0
5.229467496681663;6.431466697858816;0
1.927274158932324;6.15574710408444;0
4.656796807735379;8.288409809703687;0
3.085701961525184;7.049088872486796;0
7.510232198487181;7.089267905932012;0
3.594908089007064;7.838050829697413;0
4.549423904991611;7.511098234281056;0
5.855004597719903;7.777217992064487;0
4.584630412722412;8.272066496438054;0
3.84539610249803;6.831469106169559;0
1.468219571055642;6.775765693070777;0
4.211845801023927;5.90052130037434;0
7.282001736846683;7.609757369940462;0
5.837644305412526;8.664281757759035;0
2.681234295442174;7.297735992819822;0
6.911439682492119;8.501327534308471;0
4.723484326354506;8.540313745697745;0
6.479610046408799;8.990750986531975;0
5.303496664622307;8.989378116701987;0
1.360062107134378;7.311158817081844;0
2.867282497840938;7.143162393399447;0
8.193776487500966;8.048390017659747;0
4.619760901511127;7.335146597132416;0
3.776460573385371;9.452741960989835;0
5.544946669086194;9.379845752144435;0
6.148686001487273;8.095136418969695;0
3.546041969447109;7.572872936016054;0
5.611975715574637;8.510807809841619;0
2.465103503842367;7.343726375619537;0
3.633295499658549;7.87498322405135;0
3.748825235203699;7.469533299692738;0
5.377155847889599;8.105586399266945;0
8.833187141923798;9.128350406627399;0
6.192947242984948;8.742478041095634;0
3.177261274774867;9.1436031545189;0
1.64301446564041;7.085285754944574;0
3.432569661781846;8.179801671924432;0
7.987893537274354;7.016652179799149;0
6.043090493303147;8.38482857075198;0
2.825206725270434;8.32569763223967;0
7.665434472180667;9.296310368559677;0
3.308632920502685;9.099229483492007;0
4.926856364596345;8.653223048749174;0
3.596449898751916;7.49492661272859;0
4.974171396527289;7.524006193016612;0
3.628919419405715;5.948438578168749;0
3.515312255283619;7.551695462060558;0
3.51486014351223;6.448803465139033;0
9.068677924382687;8.929825778469471;0
1.988195868629996;8.901939971858983;0
7.046214317238524;8.138287449053724;0
4.0734682824515;7.621592241498448;0
6.10230438635439;8.143064257386028;0
7.068827424935591;9.605038666420157;0
2.066401709041712;9.349116054291347;0
6.481140617095701;7.551557888649046;0
4.490549963673037;8.168411320921665;0
2.938802218290799;6.879503304987266;0
4.936190339855375;8.400730907563089;0
4.815888567264874;8.739062644702987;0
5.615945792531621;8.900044704629629;0
5.807295790631855;6.468781727840922;0
4.389165379432709;8.504620786866477;0
6.496758691090612;7.13578535406105;0
5.615568540892101;7.6234450480129;0
7.548244589154448;8.788010405046768;0
7.847669618474138;8.298205641496954;0
4.018873432836239;7.836258163195147;0
4.446803531054938;8.606732545534467;0
7.140250766019278;9.634498678909917;0
9.054500111531041;7.376506275683319;0
7.594838729082035;6.64989983405678;0
4.998152560871683;6.837759020954945;0
5.423314191331904;7.055720798568448;0
8.218907997646792;7.328789060126055;0
2.754862220609668;8.576681169861819;0
4.508117346370192;5.914229912237957;0
3.416299034973052;8.235963883578039;0
7.794133078174831;7.221578649999728;0
2.499146850076657;9.099561945395381;0
3.957594187732114;7.144435704363959;0
5.120911866299187;8.00755762356315;0
5.660372695389349;7.062414231197886;0
4.206037709318728;7.318440317490817;0
2.967442010345885;7.739860569608936;0
4.33759713730665;7.771204635691189;0
4.348458184677292;7.475187006010088;0
2.629708797343033;9.128318514755339;0
2.323561202447125;8.550139249522148;0
5.407815152848606;9.855147360699227;0
6.389151631982871;7.722701205469375;0
6.067472225516079;9.066630770872528;0
4.999726734633067;5.900761149009631;0
3.747080149899436;8.638483769418352;0
1.682389592232661;8.371465456657102;0
2.981542458037602;7.625820700085878;0
3.757502785771603;8.695348326151247;0
4.404936571639186;8.877628740871288;0
5.486225424616836;9.033605648586665;0
5.441466308459641;8.419791320369649;0
6.636951466051181;8.601069227881256;0
5.680905622670198;7.325981686282912;0
2.197886427978951;6.904821543097634;0
6.553615679162772;7.732383274314162;0
2.832092498504138;8.186550371901307;0
4.034472018475758;8.950944671830086;0
3.501391534307134;7.209481263103437;0
6.23616155593511;7.510522018067543;0
1.442181795355426;10.97447387060198;0
6.150351857998059;7.37741464312849;0
3.470535101771506;9.920302990112633;0
3.22112658250919;8.961148926751321;0
2.264997901820776;7.442196835375889;0
3.260768278013044;7.893444848434361;0
2.455501597549052;7.784838753497108;0
3.102469566095991;8.47348969209845;0
7.263375150666433;9.365640958392476;0
4.528957964237633;6.362196283930865;0
2.785118685852335;10.02372886496699;0
7.270763668575935;8.777789285588373;0
6.121682265363825;7.451098076770185;0
5.670676806643926;7.873988639883565;0
3.816222395108064;8.29958040729993;0
13.50581835399496;10.17636224638093;1
8.228239096957971;12.09886929507744;1
7.672466216390245;14.15609174963874;1
8.39168430284343;12.61635751996225;1
8.999610398277857;12.59927708540422;1
12.93015287259645;11.60556308891643;1
14.44104646921512;11.70715513411431;1
2.833382668064768;11.79385826044217;1
8.986779113603461;6.402036108335153;1
5.056113224430224;12.78655035209072;1
15.65563059498373;13.98049430530375;1
17.26666704950842;9.404734178655952;1
8.243137696461339;8.956063275925203;1
14.32536439566952;13.24202261532775;1
13.06885373136771;8.984954829752523;1
12.41924730527402;8.641195723284072;1
14.55621649727926;13.57795240146078;1
13.88097593330438;10.69143527893068;1
11.82404336179702;14.48980602063381;1
7.959513224620466;9.415471164270038;1
16.95383602957576;10.77129505275481;1
6.899364570924802;12.4833904227103;1
10.57534195993681;13.09869829598358;1
9.546822358871406;12.93526863512543;1
14.96049803802185;12.38291400601808;1
15.71261799885762;11.54039008846674;1
16.15063233219521;10.84156632015375;1
16.6104356888416;12.96096235433365;1
5.308919242449437;11.22633471626654;1
12.44211487252364;12.84323108273875;1
11.03516123158538;14.1754117105375;1
8.47481520457896;7.501336203111991;1
11.72774995576536;15.60896027913859;1
9.737341924387827;10.73587924113619;1
6.040742993599777;14.63291641439321;1
7.773994350816968;15.10318411698132;1
7.133654458853433;9.06218379298647;1
7.397614259461312;12.35387671217393;1
10.46288430522098;18.93251982878341;1
11.78746807046606;11.57074655110994;1
7.063294286295156;12.97256512683945;1
4.78415921867759;12.66177023984596;1
6.772620890407109;14.53580416185968;1
13.42125990617427;14.18102841108921;1
14.44609324226246;10.1070987793284;1
5.297891430572621;11.12300171277861;1
12.39159090057103;12.68644134453105;1
9.175365226327431;11.88319323610698;1
7.256327066741249;17.06994937547015;1
12.11829461742245;12.8772908755204;1
5.423798228106344;12.87503543599701;1
5.472650673677906;10.32464800962588;1
9.452417775921681;9.384994767950491;1
1.700308501450209;13.58828543084331;1
7.732286346836531;11.60547242110879;1
5.612121872691088;13.29830563250897;1
3.840407047038287;10.33705145568066;1
7.427449377701442;13.79190812000231;1
11.13514369941476;8.373027159143492;1
9.709309429929961;15.13336690789594;1
19.76201569006387;13.69300132911739;1
10.28094472780804;12.22030967251108;1
7.411784048535361;9.677796943167538;1
13.80167472135981;11.20492859487614;1
13.44329615512286;12.50858862208099;1
7.1912087187347;14.41557887214852;1
10.49746802308397;9.932916774600173;1
6.264683600066735;14.59029350857175;1
9.476412322713083;17.53624606668443;1
9.679398330183481;11.00930570121527;1
19.38421995107112;12.93753104884373;1
13.68207689813671;10.68540622568798;1
6.239862465157102;8.56608551545135;1
5.186351997567905;14.9410382082128;1
8.108317714633799;13.38827453120072;1
12.34418446129181;10.97860602665072;1
18.46325047829131;12.22677476664174;1
8.5119891100692;11.54038570467197;1
10.27852275771338;9.076534319961365;1
4.621144751847452;6.235327720120684;1
15.80376034257155;11.90506478494126;1
13.34162035923693;11.07506809927622;1
14.50021075894202;10.84670821049775;1
13.91577265484768;10.30806328099442;1
2.635850459212088;8.36552897179933;1
15.47406167870309;10.95653877112911;1
10.72086434081478;12.32287175609467;1
8.524432006111141;9.876378250264183;1
9.1445623956155;12.90098747844223;1
15.33935529372599;11.45440385355239;1
18.60194548018266;11.79709129853028;1
15.0539881901061;9.141788104142666;1
18.23632238641976;10.47118112261724;1
8.816942090643025;12.82027508662399;1
4.882772666878955;10.42013450187902;1
9.420074962668851;12.32327425873866;1
6.665776830205376;15.95580799472699;1
6.552499017268836;13.59053285461952;1
9.480354037828958;14.07473346633872;1
4.990016731528883;16.72065992988688;1
7.363097262809084;14.35079019938508;1
10.54451503439831;12.79548085227311;1
11.43627845598071;15.90249743354898;1
7.819304923742881;10.19068727158964;1
9.924538853946764;10.63569561686691;1
10.86878783035422;16.03658315341979;1
9.552995153027771;12.90868635672239;1
13.79668159772511;11.91579164036195;1
7.362897259620963;12.91633460848319;1
12.8118261276928;11.47171172793699;1
17.00542646241104;11.41602970529669;1
17.676246082051;11.22640371281729;1
8.90032198761126;10.8920141340147;1
13.00065123766776;10.11254414314084;1
7.0799600347805;11.88030363470224;1
12.87376751298534;10.85063045978772;1
4.311529752931701;14.88371059886337;1
4.098840635613815;12.47105345954341;1
7.316996958691676;14.04275310082145;1
3.660074851420032;11.72033893411511;1
13.00082582468177;11.8368977938815;1
11.28261544059283;14.51649350391671;1
14.9524872038956;14.93706800399204;1
12.22863524999219;12.06588171207846;1
13.60110770269643;15.38495629059105;1
7.052187730015182;12.95145711677652;1
14.46956633091001;12.73706043683539;1
10.88931634900851;16.38400144846612;1
8.367971726395455;15.07137020972142;1
15.55286774459869;13.81452043064582;1
13.98332356268012;12.80451916471056;1
10.2496828779796;10.92323599806585;1
12.1064245924072;11.76956902338808;1
9.495665166687493;15.64400011060599;1
7.612290913916897;7.956986683879482;1
11.83775025790358;10.72604507855354;1
9.914474688817624;11.62239355167978;1
9.440267082325573;12.29655008388935;1
12.44869966693805;8.432239912071738;1
9.091924127265372;13.05813509590396;1
9.692026151581366;13.45946372294786;1
17.66683430151328;10.11973015320177;1
1.912303424758479;11.48142610080815;1
7.935888535711143;9.572910332855873;1
5.919974626084223;15.24909933366562;1
19.14744056782317;12.74702481657984;1
9.973673878755847;11.49821641061482;1
17.55061864405172;10.14908819698194;1
11.71410698974911;12.19732065904581;1
11.24690604355656;15.36855968010398;1
6.290160887355963;12.55051879949229;1
6.706620047236705;12.70657875879404;1
10.7165971754219;9.599248873713449;1
8.507061583731048;12.33225735178375;1
19.26995201309334;13.55232352784006;1
6.42967833530551;9.237129193900493;1
16.56535317761927;14.2565580405692;1
12.6993754134652;16.93087917006619;1
9.636872799989636;8.884165563168516;1
6.862411248797682;7.86670435956308;1
8.008543077087289;11.85480266904297;1
8.28624607283969;13.51822288041232;1
5.599729523614568;11.83667170312046;1
17.098861757224;11.68305341871262;1
7.742038542268407;12.01299607300257;1
6.131085476482092;9.870784396730228;1
11.06773625205393;8.712169853100658;1
11.08028163894987;15.16309965600624;1
5.466574678746834;12.58522828070962;1
9.101955136234087;9.624782843355273;1
11.97314213716317;14.15187347313121;1
16.14684384926817;9.405256797464611;1
9.59576697801355;11.75645954033847;1
14.68784291508616;13.48154307775727;1
4.524858994144068;10.31856474875528;1
9.374952939756293;11.30105839254768;1
11.68798000751442;12.05926391344561;1
1.326594788419596;15.90474692092669;1
11.89827795891139;12.91804706388167;1
8.505491918448921;11.20137613906344;1
6.553367351355478;11.54923071330662;1
15.70110522478383;11.43943411425354;1
12.17751720565281;14.61344912515628;1
7.986948563575444;11.43124973026553;1
9.527037391437075;10.41657902032686;1
5.234587200380803;12.48123777649382;1
6.787992874157324;11.81070803233014;1
16.4624243593656;13.58646935561551;1
19.02324048939709;13.91887905692624;1
14.03625559321821;14.1742056370229;1
8.052000688504542;13.29433742929055;1
12.37372654284291;13.26510034029832;1
8.829538188300653;15.80655264532374;1
8.180457283300846;9.679948925538243;1
14.95324128699218;11.30538147415814;1
18.97382752590134;8.609870685169064;1
12.10243334514399;13.83877211807252;1
14.93122998478727;12.04306243371054;1
8.21523612613969;11.40131933251453;1
9.928104423764969;8.557968313148452;1
9.644764332357042;12.36686374224401;1
16.30543949942783;11.48053540658154;1
9.209729437187368;9.290422107042236;1
11.09389820596217;9.68511599898002;1
13.41761159751743;10.47602728043033;1
9.280066889365116;11.49940082565119;1
7.287696826268832;8.702473829278247;1
10.11746045304383;11.63601876546098;1
8.130182599024913;13.23137445944036;1
8.825541520246036;11.24665145826522;1
14.49745946277696;10.60392946082797;1
10.55408262832561;12.60824486006039;1
14.28496462496857;14.20215983816385;1
5.551465418166407;11.10678405792434;1
10.61030250413988;11.06657550246368;1
6.027321377289314;9.128358704176625;1
10.9471220696416;10.04456778289757;1
6.303746329716535;13.21178919902976;1
12.28667275903386;11.77269095050836;1
14.32104490280015;13.52912310197957;1
9.291150787375235;13.33979491086999;1
11.65937816144752;12.75156737755094;1
14.42991074951143;13.53330562834629;1
13.62031313857849;15.04694368921487;1
11.18596693162247;13.15364838760706;1
4.376952613360087;12.85194603224153;1
9.205209479259834;11.91413805890472;1
3.035624202939594;9.515473977517575;1
9.499691709034995;10.99009665704973;1
14.52678911649911;12.65170262163042;1
12.89479109765466;9.77715325467415;1
20.70654306361774;12.93636864821832;1
10.22839077442728;12.64522575238263;1
13.8299034381632;12.20004287524247;1
11.4348737018494;12.60286916164194;1
7.250191583702141;12.04764727516409;1
11.12501205719245;11.95589053160731;1
8.719476982538035;11.98248414249589;1
7.311644962709716;13.85891026229981;1
8.588599400661979;11.8191353759301;1
10.19790088759327;6.717708425016906;1
21.57423433957661;11.02770001540081;1
8.884508413989519;12.39193924414707;1
8.23295319320254;13.9194444144996;1
8.105267884755364;14.76064875946095;1
10.99470170188583;10.11707272408755;1
15.59072262938032;13.52173620879395;1
6.356343401726416;12.47584089582476;1
1.181432928017403;11.58325308111791;1
10.6575439761932;12.04947839848189;1
14.98562392862379;11.94381779278818;1
1.341950848638405;12.28071825644018;1
14.08305083201884;12.47517236534752;1
16.00264031869825;10.65690254889036;1
11.69698107897865;9.909999963224649;1
3.161341271232914;13.93153328373292;1
11.08009187982732;11.56048695881661;1
13.25717109073635;14.82907171539119;1
14.32766183545256;10.15162668814621;1
13.83594999610571;10.81171836018517;1
13.93323585524924;14.84255090289915;1
15.5016374617264;14.81521529341933;1
6.206496085896141;9.941998489033136;1
15.13784206744875;12.41302446280223;1
3.9717567489406;14.68222261180497;1
11.2136619671504;14.66543314825209;1
12.3075380118173;9.430210592167375;1
15.38281656418428;15.23675178188652;1
7.086685866335364;13.32328753623383;1
11.72764125193859;12.45469288454036;1
16.34079265724098;11.54884773855885;1
12.57482314605136;10.06801312538745;1
14.02227301660042;12.19003572202391;1
10.87302625671944;11.48653499820982;1
8.618541056592012;16.62026281094504;1
15.02833707780463;12.38011944410621;1
13.42255324168096;11.65319201194966;1
15.35364881113616;11.97194235384847;1
9.185040043160312;10.77452337277377;1
11.21887020189806;16.14359988833466;1
15.18335633469595;13.27404817066751;1
6.740239342506414;12.14978786559294;1
13.26429740564615;14.24653438638126;1
12.8946569759171;11.93374412434678;1
17.21034974009817;11.8045045891716;1
18.87269269495608;10.88676021250732;1
16.23694900980367;10.76900198783641;1
6.498205556260386;15.20910641919536;1
4.454120076132772;13.53699086828201;1
5.632919539986337;12.17386694655906;1
13.8987514541211;15.40871827819105;1
8.88115191979643;12.04726771067626;1
6.712306594995648;12.58008563945713;1
10.24739767014259;9.160201587412173;1
10.58269567070557;12.95054711388695;1
5.553212041620625;9.105361924667081;1
11.09981482510995;10.02344001365638;1
6.640419820369006;13.89875904526394;1
7.658150042968863;12.7024479490929;1
14.61156191511697;10.25543685460454;1
8.859092686118665;11.20374565695103;1
8.20581429417104;12.51287176651836;1
16.99993519683844;12.44005090547065;1
15.11071548699555;8.577118834895096;1
12.73944481678722;9.588489517853281;1
12.24746326375055;8.454172699012185;1
7.369725181299724;11.85501671565467;1
8.274649919176118;8.557770305263467;1
14.14115459923013;13.40376245885142;1
11.24091268588005;9.989064010493069;1
8.835513345188405;9.78714635641894;1
19.28289666502539;15.5811198068838;1
8.641564265948652;16.32476831195249;1
8.327350766654391;10.36144496463549;1
9.021326826132283;11.92590082053752;1
1.455787807259235;15.92600798478438;1
13.09279334158022;10.91946725824692;1
15.22922430295673;15.43500758549333;1
13.14783087612701;13.63961656302603;1
6.193263472119187;12.11104166748452;1
6.023258221258716;11.29374932957013;1
14.48795478884719;15.38629857409241;1
8.445819002112682;13.42210080996051;1
15.6168670629681;10.73447212667241;1
6.463350349930147;12.7854527747196;1
13.14672734607624;10.24407686774487;1
7.146068960100934;12.29789085841929;1
8.862188778578982;15.06375619091961;1
8.289838906681515;13.06369552239961;1
16.00939620490829;10.48066576837741;1
14.20282946892998;12.6959682814095;1
11.77616683684277;10.60439459994982;1
16.15030812225673;16.03862954669211;1
7.168222676447812;8.412600931868521;1
4.138323833049767;10.68098489517959;1
12.7444973570456;13.54290667591537;1
11.24269331609584;10.35931780772491;1
11.27238199461024;12.03577636364119;1
7.297557716372805;13.30907044699564;1
13.83181311548927;14.51539753289596;1
12.99519625685926;10.14584001891013;1
5.710725330908696;11.66024466759748;1
10.82331982585695;11.05665502479372;1
15.8353830466743;11.77153302153842;1
10.62980377041598;12.73897378453865;1
19.10289748975772;10.76276944292051;1
11.28763093886823;13.60023024786402;1
10.01411675447486;12.85339210466872;1
5.873258909859585;11.05533848960086;1
11.08303884799196;12.5519035608882;1
13.38952578077495;13.96845419829248;1
18.54733917714095;13.98621487382074;1
7.758562799088788;13.33641824505708;1
10.15911297150502;11.87000315145004;1
11.30994344867335;10.75980273180222;1
12.34151997322834;12.44820853424613;1
12.7204181904517;11.06772761003258;1
16.91978963259579;11.33582623922546;1
13.84363403184229;13.8496296134412;1
8.760615930792699;14.89405104098926;1
20.61283621930571;13.19166421497724;1
8.797181931814546;16.10654111252297;1
12.69856984197605;8.94149931665582;1
16.96911936278753;12.04537515040326;1
17.24002076089245;12.1905696202199;1
6.96448398259689;15.22905267026568;1
10.31279903075115;13.00254634389527;1
7.904058816955184;11.35231957781863;1
10.44245748365451;13.10843322019255;1
10.37994930063007;13.28488691060023;1
5.908937606952519;12.36525022895275;1
12.51600038705896;7.945047249730591;1
12.68082374767285;14.04616188401034;1
10.22155146766622;5.016916365287803;1
9.21645847743747;12.21897927033659;1
9.647129480299705;8.897337049217938;1
2.134013313028266;11.28977817432708;1
6.305819599164956;14.7971149614306;1
7.356931645968389;10.97305008634131;1
11.60624022988056;15.83435928624673;1
11.89225958641665;13.55682112708298;1
9.321782628157884;11.50708977971243;1
13.33618197573916;10.19293669221847;1
12.00935441690984;11.00819548368117;1
14.41471884657401;12.7489895723026;1
10.84155917726377;7.258935801637734;1
11.37780578876787;13.23012401534992;1
13.48380229891782;12.55892996365248;1
11.12254711246279;13.63773017651654;1
15.27959409537673;16.09501308410213;1
8.511985504963011;11.35251129765903;1
12.83709633252284;10.03891541413028;1
10.39980645716057;14.35926834096003;1
12.73837809800956;13.78916550637439;1
7.656156355800713;11.71413875388986;1
14.19307976761897;10.81305894135117;1
1.371090097494495;12.49783439665519;1
8.230297231244462;9.740435311577443;1
19.65706986703764;12.1321892290349;1
17.62178677861402;10.72415081130869;1
11.27583945697809;10.3613847068576;1
6.963906609192173;13.93590704333749;1
8.667698623413681;12.06069801970115;1
8.264715025454539;14.70219304764346;1
13.24366828011823;9.827251474574817;1
17.58062966756367;12.48053007814234;1
10.4579480575598;9.907637442409941;1
10.78823077610108;13.237435289372;1
10.36389865603801;14.61006841578025;1
15.9966954653182;14.04698216273673;1
9.881586827084753;7.769235098765492;1
12.26226479103603;13.36345773463934;1
6.987359595557528;12.01741855084898;1
13.94427024283689;12.66854665665471;1
6.021332412202347;10.90517447362419;1
12.82822589808166;8.698031314002222;1
7.250952700993635;13.78558655695999;1
23.48670863239736;10.98588890013416;1
11.9986236947103;11.3404177011522;1
7.752520163001726;12.33670759649794;1
10.19781451768552;17.07348006027775;1
16.10206730455526;16.5872533228109;1
11.06277698375176;9.362678165081599;1
4.752160929276808;11.05173053191956;1
14.22050872658927;13.97476398603408;1
10.20555062601472;7.853947135321438;1
7.234305171414777;14.48805223996682;1
16.61293895149826;11.36952083810037;1
11.78726821669747;14.79858799786866;1
6.735243308262553;10.24023720913175;1
17.6116622924341;10.15505508929586;1
15.44226417256039;16.62880579706266;1
5.741642067637273;13.17602640818748;1
11.91238995876647;11.3804647304647;1
14.1242587621753;9.934071705300257;1
7.962281083167408;14.2067014677805;1
12.62467407271961;12.68421786154307;1
10.5164210037553;7.472013555041359;1
10.14698580543437;10.19342836663035;1
6.852053568412504;17.940057900449;1
16.38372824827367;11.97646740810262;1
12.92344610773708;8.00092186239381;1
10.83807139184813;10.22396937730081;1
11.80139361423183;11.16019520507189;1
16.68173687927125;13.38915671256687;1
10.08187219563884;11.67449460992812;1
8.238777190080057;12.20315328332553;1
12.61009780738406;11.96428307711813;1
14.62280561384013;10.07934581630673;1
9.463483946255755;14.34561129051088;1
5.865845453084377;11.26945463342505;1
4.144400591566371;11.07317871091434;1
6.471296020138216;12.3899791439548;1
17.1405287445151;11.86610699469629;1
14.95899657011681;10.95693972666347;1
6.31820946863135;12.2541995220846;1
10.24635235143044;16.2260369478705;1
12.24257679144819;13.08256219226842;1
8.354193334843194;10.68982945317044;1
12.32157928796004;10.26094254571569;1
8.132170959550777;11.52220421664722;1
6.551258303470251;8.848025358793734;1
7.159963716672934;15.6515024560511;1
13.44837428021235;12.40853495763086;1
9.272295475743279;9.673208415169338;1
9.464518357500808;12.24121963729005;1
10.85124706785001;9.112963251692188;1
7.097145483739492;13.1646920920933;1
8.844364012301032;11.63706906634991;1
13.6233622542743;12.08401956327171;1
14.97430227921312;12.72368389210437;1
10.87885563657093;13.70742924460966;1
11.91915886410252;10.38045596365617;1
7.901694578155017;9.065898662662992;1
9.075362495583438;11.79220752519656;1
9.374187820515846;10.3541732162093;1
13.09490579970051;12.84996283113852;1
10.00921172808334;8.29063125514606;1
15.5825027270431;13.71715017758479;1
6.913536482392784;12.61278730129622;1
12.2090798455056;9.776876494894925;1
8.415780964452811;11.36551855621615;1
11.10569141029592;13.67572530769537;1
11.48383466348553;16.85293062114233;1
2.416541252830918;11.29782111639966;1
10.16814277362237;14.76392367789629;1
8.227820571729808;10.27868907559939;1
18.87135665174155;12.41378094739198;1
15.18544852725137;11.58500552418873;1
10.33864820610501;12.68051407035806;1
8.680684700950522;11.00377570974898;1
10.13123358239432;9.157210668075564;1
11.96040266637875;11.4584516928543;1
15.08489029847174;12.8793262196207;1
10.63900850647839;10.98771245584004;1
14.35708021808615;11.63130353499299;1
9.810589030646629;12.80399801993006;1
15.62008500884747;13.0784564825495;1
9.218976169775326;10.53281356430808;1
6.562504769345377;11.46325602131867;1